Notes for AI: ,Unnamed: 1,Hành vi VTB,Unnamed: 3,Unnamed: 4,Unnamed: 5,Thang chấm 1,Thang chấm 2,Thang chấm 3,Phần dành cho báo cáo,Câu hỏi TBEI ,Unnamed: 11
Tên năng lực (Vietinbank),Bài làm ,Mô tả hành vi (Vietinbank),Tên năng lực (KF),Level,Mô tả hành vi (KF),Thang đo hành vi,,,Gợi ý phát triển - Dành cho phần làm báo cáo,"Câu hỏi phỏng vấn Target BEI 
(Tham khảo gợi ý phát triển)",Note
,,,,,,Thang đo - Cần cải thiện,Thang đo - Đạt yêu cầu,Thang đo - Vượt yêu cầu,,,
PHÁT TRIỂN ĐỘI NGŨ,"Câu hỏi AI, ứng viên tự trả lời (gióng Next Forum)","- HV1: Nhận diện được tiềm năng và khoảng trống năng lực của đội ngũ và đào tạo, phát triển cán bộ bằng đa dạng các phương pháp đào tạo.
- HV2: Chủ động trao đổi, tìm hiểu nhu cầu phát triển của các cán bộ, đặc biệt là cán bộ tiềm năng trong đơn vị/ phòng ban phụ trách để tạo điều kiện cho cán bộ phát huy thế mạnh và có cơ hội phát triển nghề nghiệp phù hợp.
- HV3: Khuyến khích và thực hiện trao quyền phù hợp trên cơ sở hiểu rõ năng lực của cán bộ và kiểm soát rủi ro.",Talent Development,Level 3/4,"* Đảm bảo xác định và chuẩn bị người kế nhiệm cho các vai trò quan trọng trong nhóm.
* Xây dựng môi trường khuyến khích và tạo điều kiện cho người khác phát triển kỹ năng và sự nghiệp.
* Cung cấp huấn luyện thực tế hữu ích cho người khác.
* Đề xuất các hoạt động phát triển và nhiệm vụ thử thách cho người khác.","* Ít nỗ lực xác định người kế nhiệm cho các vai trò quan trọng.
* Ít chú trọng đến phát triển con người; tập trung vào kết quả hàng ngày mà không tạo đủ cơ hội học tập.
* Bỏ lỡ cơ hội cung cấp huấn luyện thực tế cho thành viên nhóm.
* Hiếm khi đề cập hoặc đề xuất cơ hội phát triển và nhiệm vụ thử thách.","* Xác định người kế nhiệm cho các vai trò quan trọng trong nhóm.
* Nhấn mạnh tầm quan trọng của việc học, khuyến khích mọi người phát triển kỹ năng mới và tạo cơ hội phát triển sự nghiệp.
* Tận dụng một số cơ hội để cung cấp huấn luyện thực tế hữu ích cho thành viên nhóm.
* Đưa ra một số hoạt động phát triển và nhiệm vụ thử thách có giá trị cho thành viên nhóm.","* Hướng đến tương lai và xây dựng kế hoạch kế nhiệm dài hạn cho tất cả các vai trò quan trọng.
* Tìm cách độc đáo và hiệu quả để tạo văn hóa học tập trong nhóm; truyền cảm hứng để mọi người chủ động phát triển sự nghiệp.
* Tận dụng nhanh các tình huống thực tế để cung cấp huấn luyện sâu sắc, giúp người khác tiến gần hơn đến mục tiêu học tập.
* Đề xuất và hỗ trợ các hoạt động phát triển và nhiệm vụ thử thách đóng góp đáng kể cho sự phát triển của mọi người.","- Xây dựng danh sách nhân sự kế cận cho các vị trí then chốt trong đơn vị; cùng với từng cá nhân thiết kế kế hoạch phát triển cá nhân (IDP) bám theo mục tiêu nghề nghiệp và nhu cầu của đơn vị.
- Thiết lập cơ chế 1:1 định kỳ với các cán bộ chủ chốt và cán bộ tiềm năng để trao đổi về định hướng phát triển, phản hồi hiệu suất và ghi nhận mong muốn học tập.
- Áp dụng cách tiếp cận “coaching on the job”: sau mỗi nhiệm vụ quan trọng, dành thời gian phản hồi, chia sẻ góc nhìn, giúp nhân sự rút kinh nghiệm và kết nối với mục tiêu phát triển dài hạn.
- Giao cho các cán bộ tiềm năng nhiệm vụ/ dự án mang tính thử thách (stretch assignment), ví dụ: dẫn dắt một tiểu dự án, phụ trách một mảng kinh doanh mới, hoặc thay mặt quản lý điều hành trong một giai đoạn ngắn.
- Thiết kế hoặc đề xuất chương trình luân chuyển nội bộ (job rotation) trong phạm vi chi nhánh/khối để nhân sự chủ chốt có thêm trải nghiệm đa dạng, hiểu hệ thống toàn diện hơn và sẵn sàng cho vai trò cao hơn.","- Câu hỏi 1: Anh/Chị hãy kể về một lần Anh/Chị xác định và xây dựng đội ngũ kế cận cho các vị trí chủ chốt trong phòng ban/mảng mình phụ trách. Anh/Chị đã lập kế hoạch phát triển cho họ như thế nào?
- Câu hỏi 2: Mô tả một tình huống Anh/Chị chủ động trao đổi với một cán bộ tiềm năng về định hướng phát triển nghề nghiệp và sau đó sắp xếp nhiệm vụ, đào tạo hoặc luân chuyển để hỗ trợ họ phát triển.
- Câu hỏi 3: Hãy kể về một ví dụ Anh/Chị giao một nhiệm vụ hoặc dự án “stretch” (vượt khỏi vùng an toàn) cho một nhân sự, đồng thời trực tiếp huấn luyện/feedback trong quá trình thực hiện để người đó trưởng thành lên một vai trò mới.","Focus: nhận diện tiềm năng, kế cận, coaching, tạo cơ hội phát triển trong đơn vị mình phụ trách."
CHUYỂN ĐỔI SỐ,Case Study - giống MB - Group discussion,"- HV1: Hiểu biết rõ về chương trình chuyển đổi số của NH và chuyển hóa vào mục tiêu, KH hành động của đơn vị/phòng ban phụ trách.
- HV2: Ứng dụng hiệu quả các công nghệ số, AI mới để lắng nghe, thấu hiểu khách hàng, nâng cao trải nghiệm và sự hài lòng của khách hàng",Tech Savvy,Level 3/4,"* Phân biệt công nghệ có tác động lớn với xu hướng nhất thời để tập trung đầu tư vào giải pháp tốt nhất.
* Hướng dẫn người khác về cách sử dụng và giá trị của công nghệ phù hợp để cải thiện kết quả kinh doanh và hiệu suất nhóm.
* Tận dụng công nghệ và đổi mới để nâng cao hiệu quả của nhóm và doanh nghiệp.
* Cung cấp nguồn lực để hỗ trợ việc sử dụng công nghệ hữu ích.","* Ít phân biệt khi chọn công nghệ; có thể đầu tư quá nhiều vào xu hướng nhất thời hoặc bỏ qua cải tiến quan trọng.
* Bỏ lỡ cơ hội đảm bảo mọi người được đào tạo về cách sử dụng và giá trị của công nghệ.
* Bỏ lỡ cơ hội triển khai công nghệ và đổi mới mới; vẫn duy trì cách tiếp cận cũ dù có tiến bộ công nghệ.
* Đầu tư nguồn lực không đủ để thúc đẩy việc sử dụng công nghệ hữu ích.","* Xác định công nghệ có khả năng tạo tác động lâu dài; tránh đầu tư vào xu hướng hoặc lựa chọn kém khả thi.
* Thiết lập phương pháp đào tạo để đảm bảo mọi người hiểu và sử dụng công nghệ phù hợp.
* Triển khai một số công nghệ và đổi mới để nâng cao hiệu quả nhóm và doanh nghiệp.
* Đảm bảo nhóm có đủ nguồn lực để đầu tư vào công nghệ tiên tiến.","* Thể hiện sự hiểu biết sâu sắc về công nghệ hỗ trợ mục tiêu nhóm; loại bỏ xu hướng nhất thời để tập trung vào công cụ mạnh mẽ và đổi mới.
* Biến việc học và đánh giá công nghệ thành hoạt động thường xuyên của nhóm; tạo năng lực và sự hứng thú.
* Xác định và triển khai công nghệ và đổi mới có lợi nhất; đảm bảo nhóm tận dụng tối đa các tiến bộ này.
* Phân bổ nguồn lực một cách khéo léo để đảm bảo nhóm có công nghệ và nâng cấp tốt nhất.","- Thực hiện một đánh giá hiện trạng số hóa tại đơn vị (quy trình, hệ thống, công cụ đang dùng, thói quen làm việc) và xác định 2–3 cơ hội chuyển đổi số có tác động rõ rệt đến năng suất hoặc trải nghiệm khách hàng.
- Đề xuất và dẫn dắt dự án áp dụng một công nghệ số mới (ví dụ: tự động hóa quy trình, công cụ phân tích dữ liệu, ứng dụng AI hỗ trợ chăm sóc khách hàng) từ giai đoạn thử nghiệm tới triển khai chính thức.
- Thiết kế hoặc phối hợp với Khối CNTT tổ chức các buổi đào tạo/chia sẻ nội bộ về công cụ số, AI, dữ liệu cho đội ngũ trong đơn vị; hướng dẫn cách ứng dụng vào công việc hàng ngày.
- Xây dựng vai trò “đại sứ chuyển đổi số” hoặc “digital champion” trong đơn vị, giao nhiệm vụ cho một số cán bộ nòng cốt hỗ trợ đồng nghiệp sử dụng công nghệ mới và thu thập phản hồi để cải tiến.
- Thường xuyên theo dõi các xu hướng công nghệ ngành ngân hàng, so sánh với thực trạng của đơn vị, sau đó lập một bản đề xuất ngắn (1–2 trang) về những nâng cấp hoặc sáng kiến số hóa ưu tiên trong 6–12 tháng tới.","- Câu hỏi 1: Anh/Chị hãy kể về một lần Anh/Chị đánh giá hiện trạng sử dụng công nghệ tại đơn vị/phòng ban mình phụ trách, nhận ra các điểm hạn chế và đề xuất một hoặc vài giải pháp số hóa để cải thiện năng suất hoặc trải nghiệm khách hàng. 
- Câu hỏi 2: Mô tả một tình huống Anh/Chị triển khai hoặc hỗ trợ triển khai một công nghệ/ứng dụng số mới (ví dụ: công cụ CRM, auto-report, ứng dụng AI chăm sóc khách hàng) trong đơn vị, và cách Anh/Chị đào tạo, thuyết phục và hỗ trợ đội ngũ sử dụng hiệu quả.
- Câu hỏi 3: Hãy kể về một lần Anh/Chị phải lựa chọn giữa nhiều giải pháp/công nghệ khác nhau (trong khuôn khổ NH đưa xuống hoặc trong nội bộ), và Anh/Chị đã phân biệt đâu là xu hướng nhất thời, đâu là giải pháp mang lại tác động lâu dài cho chi nhánh như thế nào.","Focus: Phó GĐ hiểu chiến lược số, chọn đúng công nghệ, triển khai trong đơn vị, “làm cầu nối” với Hội sở."
,,,,,,,,,,"1. Chỉ pick 2 câu hỏi/năng lực trong ngân hàng câu hỏi
2. Gợi ý cho ứng viên trước khi đọc câu hỏi: với mỗi câu, khi trả lời phỏng vấn ứng viên nên theo STAR (Situation – Task – Action – Result) bằng các câu như: “Lúc đó bối cảnh thế nào?”, “Anh/Chị đã cân nhắc những lựa chọn nào, hành động ra sao?”, “Kết quả cụ thể là gì?”, “Nếu làm lại, Anh/Chị sẽ làm gì khác?”",
